{
  "baseline_version": "reference-v1",
  "candidate_version": "reference-v2",
  "core_metric_deltas": {
    "high_risk_recall": {
      "baseline": 0.6666666666666666,
      "candidate": 1.0,
      "delta": 0.33333333333333337
    },
    "route_macro_f1": {
      "baseline": 0.9545454545454546,
      "candidate": 1.0,
      "delta": 0.045454545454545414
    }
  },
  "dataset_sha256": "8d84c57db6a6b9fda4345dcf49619bb0815f87e2cb37cf0d0c43585a5a452680",
  "failure_category_deltas": {
    "business_decision_error": -1,
    "retrieval_miss": -1,
    "route_mismatch": -1
  },
  "fixed_case_ids": [
    "qa-002",
    "risk-003",
    "route-002"
  ],
  "metric_deltas": {
    "evidence_recall_at_5": {
      "baseline": 0.8888888888888888,
      "candidate": 1.0,
      "delta": 0.11111111111111116
    },
    "risk_label_correctness": {
      "baseline": 0.8,
      "candidate": 1.0,
      "delta": 0.19999999999999996
    },
    "route_correctness": {
      "baseline": 0.9722222222222222,
      "candidate": 1.0,
      "delta": 0.02777777777777779
    },
    "supported_claim_rate": {
      "baseline": 0.8888888888888888,
      "candidate": 1.0,
      "delta": 0.11111111111111116
    }
  },
  "regressed_case_ids": [],
  "schema_version": "1.0",
  "unchanged_failed_case_ids": [],
  "verdict": "improved"
}
